"_defaultColorIndex","class","id","name","x","y"
"10","mean","r903vrrm","yolo_val SimCLR bolls vanilla","0","1"
"10","mean","r903vrrm","yolo_val SimCLR bolls vanilla","0.01","1"
"10","mean","r903vrrm","yolo_val SimCLR bolls vanilla","0.02","0.999"
"10","mean","r903vrrm","yolo_val SimCLR bolls vanilla","0.03","0.998"
"10","mean","r903vrrm","yolo_val SimCLR bolls vanilla","0.04","0.997"
"10","mean","r903vrrm","yolo_val SimCLR bolls vanilla","0.051","0.997"
"10","mean","r903vrrm","yolo_val SimCLR bolls vanilla","0.061","0.997"
"10","mean","r903vrrm","yolo_val SimCLR bolls vanilla","0.071","0.996"
"10","mean","r903vrrm","yolo_val SimCLR bolls vanilla","0.081","0.995"
"10","mean","r903vrrm","yolo_val SimCLR bolls vanilla","0.091","0.994"
"10","mean","r903vrrm","yolo_val SimCLR bolls vanilla","0.101","0.994"
"10","mean","r903vrrm","yolo_val SimCLR bolls vanilla","0.111","0.993"
"10","mean","r903vrrm","yolo_val SimCLR bolls vanilla","0.121","0.992"
"10","mean","r903vrrm","yolo_val SimCLR bolls vanilla","0.131","0.991"
"10","mean","r903vrrm","yolo_val SimCLR bolls vanilla","0.141","0.99"
"10","mean","r903vrrm","yolo_val SimCLR bolls vanilla","0.152","0.989"
"10","mean","r903vrrm","yolo_val SimCLR bolls vanilla","0.162","0.987"
"10","mean","r903vrrm","yolo_val SimCLR bolls vanilla","0.172","0.985"
"10","mean","r903vrrm","yolo_val SimCLR bolls vanilla","0.182","0.984"
"10","mean","r903vrrm","yolo_val SimCLR bolls vanilla","0.192","0.982"
"10","mean","r903vrrm","yolo_val SimCLR bolls vanilla","0.202","0.981"
"10","mean","r903vrrm","yolo_val SimCLR bolls vanilla","0.212","0.979"
"10","mean","r903vrrm","yolo_val SimCLR bolls vanilla","0.222","0.978"
"10","mean","r903vrrm","yolo_val SimCLR bolls vanilla","0.232","0.976"
"10","mean","r903vrrm","yolo_val SimCLR bolls vanilla","0.242","0.975"
"10","mean","r903vrrm","yolo_val SimCLR bolls vanilla","0.253","0.972"
"10","mean","r903vrrm","yolo_val SimCLR bolls vanilla","0.263","0.97"
"10","mean","r903vrrm","yolo_val SimCLR bolls vanilla","0.273","0.968"
"10","mean","r903vrrm","yolo_val SimCLR bolls vanilla","0.283","0.967"
"10","mean","r903vrrm","yolo_val SimCLR bolls vanilla","0.293","0.965"
"10","mean","r903vrrm","yolo_val SimCLR bolls vanilla","0.303","0.962"
"10","mean","r903vrrm","yolo_val SimCLR bolls vanilla","0.313","0.961"
"10","mean","r903vrrm","yolo_val SimCLR bolls vanilla","0.323","0.958"
"10","mean","r903vrrm","yolo_val SimCLR bolls vanilla","0.333","0.955"
"10","mean","r903vrrm","yolo_val SimCLR bolls vanilla","0.343","0.953"
"10","mean","r903vrrm","yolo_val SimCLR bolls vanilla","0.354","0.95"
"10","mean","r903vrrm","yolo_val SimCLR bolls vanilla","0.364","0.947"
"10","mean","r903vrrm","yolo_val SimCLR bolls vanilla","0.374","0.943"
"10","mean","r903vrrm","yolo_val SimCLR bolls vanilla","0.384","0.94"
"10","mean","r903vrrm","yolo_val SimCLR bolls vanilla","0.394","0.937"
"10","mean","r903vrrm","yolo_val SimCLR bolls vanilla","0.404","0.933"
"10","mean","r903vrrm","yolo_val SimCLR bolls vanilla","0.414","0.93"
"10","mean","r903vrrm","yolo_val SimCLR bolls vanilla","0.424","0.925"
"10","mean","r903vrrm","yolo_val SimCLR bolls vanilla","0.434","0.921"
"10","mean","r903vrrm","yolo_val SimCLR bolls vanilla","0.444","0.917"
"10","mean","r903vrrm","yolo_val SimCLR bolls vanilla","0.455","0.912"
"10","mean","r903vrrm","yolo_val SimCLR bolls vanilla","0.465","0.907"
"10","mean","r903vrrm","yolo_val SimCLR bolls vanilla","0.475","0.902"
"10","mean","r903vrrm","yolo_val SimCLR bolls vanilla","0.485","0.897"
"10","mean","r903vrrm","yolo_val SimCLR bolls vanilla","0.495","0.89"
"10","mean","r903vrrm","yolo_val SimCLR bolls vanilla","0.505","0.884"
"10","mean","r903vrrm","yolo_val SimCLR bolls vanilla","0.515","0.878"
"10","mean","r903vrrm","yolo_val SimCLR bolls vanilla","0.525","0.872"
"10","mean","r903vrrm","yolo_val SimCLR bolls vanilla","0.535","0.866"
"10","mean","r903vrrm","yolo_val SimCLR bolls vanilla","0.545","0.859"
"10","mean","r903vrrm","yolo_val SimCLR bolls vanilla","0.556","0.852"
"10","mean","r903vrrm","yolo_val SimCLR bolls vanilla","0.566","0.843"
"10","mean","r903vrrm","yolo_val SimCLR bolls vanilla","0.576","0.834"
"10","mean","r903vrrm","yolo_val SimCLR bolls vanilla","0.586","0.825"
"10","mean","r903vrrm","yolo_val SimCLR bolls vanilla","0.596","0.816"
"10","mean","r903vrrm","yolo_val SimCLR bolls vanilla","0.606","0.806"
"10","mean","r903vrrm","yolo_val SimCLR bolls vanilla","0.616","0.796"
"10","mean","r903vrrm","yolo_val SimCLR bolls vanilla","0.626","0.783"
"10","mean","r903vrrm","yolo_val SimCLR bolls vanilla","0.636","0.771"
"10","mean","r903vrrm","yolo_val SimCLR bolls vanilla","0.646","0.758"
"10","mean","r903vrrm","yolo_val SimCLR bolls vanilla","0.657","0.744"
"10","mean","r903vrrm","yolo_val SimCLR bolls vanilla","0.667","0.73"
"10","mean","r903vrrm","yolo_val SimCLR bolls vanilla","0.677","0.717"
"10","mean","r903vrrm","yolo_val SimCLR bolls vanilla","0.687","0.702"
"10","mean","r903vrrm","yolo_val SimCLR bolls vanilla","0.697","0.684"
"10","mean","r903vrrm","yolo_val SimCLR bolls vanilla","0.707","0.668"
"10","mean","r903vrrm","yolo_val SimCLR bolls vanilla","0.717","0.651"
"10","mean","r903vrrm","yolo_val SimCLR bolls vanilla","0.727","0.631"
"10","mean","r903vrrm","yolo_val SimCLR bolls vanilla","0.737","0.61"
"10","mean","r903vrrm","yolo_val SimCLR bolls vanilla","0.747","0.591"
"10","mean","r903vrrm","yolo_val SimCLR bolls vanilla","0.758","0.569"
"10","mean","r903vrrm","yolo_val SimCLR bolls vanilla","0.768","0.545"
"10","mean","r903vrrm","yolo_val SimCLR bolls vanilla","0.778","0.524"
"10","mean","r903vrrm","yolo_val SimCLR bolls vanilla","0.788","0.499"
"10","mean","r903vrrm","yolo_val SimCLR bolls vanilla","0.798","0.474"
"10","mean","r903vrrm","yolo_val SimCLR bolls vanilla","0.808","0.447"
"10","mean","r903vrrm","yolo_val SimCLR bolls vanilla","0.818","0.42"
"10","mean","r903vrrm","yolo_val SimCLR bolls vanilla","0.828","0.391"
"10","mean","r903vrrm","yolo_val SimCLR bolls vanilla","0.838","0.361"
"10","mean","r903vrrm","yolo_val SimCLR bolls vanilla","0.848","0.329"
"10","mean","r903vrrm","yolo_val SimCLR bolls vanilla","0.859","0.295"
"10","mean","r903vrrm","yolo_val SimCLR bolls vanilla","0.869","0.256"
"10","mean","r903vrrm","yolo_val SimCLR bolls vanilla","0.879","0.201"
"10","mean","r903vrrm","yolo_val SimCLR bolls vanilla","0.889","0.167"
"10","mean","r903vrrm","yolo_val SimCLR bolls vanilla","0.899","0.152"
"10","mean","r903vrrm","yolo_val SimCLR bolls vanilla","0.909","0.136"
"10","mean","r903vrrm","yolo_val SimCLR bolls vanilla","0.919","0.121"
"10","mean","r903vrrm","yolo_val SimCLR bolls vanilla","0.929","0.106"
"10","mean","r903vrrm","yolo_val SimCLR bolls vanilla","0.939","0.091"
"10","mean","r903vrrm","yolo_val SimCLR bolls vanilla","0.949","0.076"
"10","mean","r903vrrm","yolo_val SimCLR bolls vanilla","0.96","0.061"
"10","mean","r903vrrm","yolo_val SimCLR bolls vanilla","0.97","0.045"
"10","mean","r903vrrm","yolo_val SimCLR bolls vanilla","0.98","0.03"
"10","mean","r903vrrm","yolo_val SimCLR bolls vanilla","0.99","0.015"
"10","mean","r903vrrm","yolo_val SimCLR bolls vanilla","1","0"
"10","boll","r903vrrm","yolo_val SimCLR bolls vanilla","0","1"
"10","boll","r903vrrm","yolo_val SimCLR bolls vanilla","0.01","1"
"10","boll","r903vrrm","yolo_val SimCLR bolls vanilla","0.02","0.999"
"10","boll","r903vrrm","yolo_val SimCLR bolls vanilla","0.03","0.998"
"10","boll","r903vrrm","yolo_val SimCLR bolls vanilla","0.04","0.997"
"10","boll","r903vrrm","yolo_val SimCLR bolls vanilla","0.051","0.997"
"10","boll","r903vrrm","yolo_val SimCLR bolls vanilla","0.061","0.997"
"10","boll","r903vrrm","yolo_val SimCLR bolls vanilla","0.071","0.996"
"10","boll","r903vrrm","yolo_val SimCLR bolls vanilla","0.081","0.995"
"10","boll","r903vrrm","yolo_val SimCLR bolls vanilla","0.091","0.994"
"10","boll","r903vrrm","yolo_val SimCLR bolls vanilla","0.101","0.994"
"10","boll","r903vrrm","yolo_val SimCLR bolls vanilla","0.111","0.993"
"10","boll","r903vrrm","yolo_val SimCLR bolls vanilla","0.121","0.992"
"10","boll","r903vrrm","yolo_val SimCLR bolls vanilla","0.131","0.991"
"10","boll","r903vrrm","yolo_val SimCLR bolls vanilla","0.141","0.99"
"10","boll","r903vrrm","yolo_val SimCLR bolls vanilla","0.152","0.989"
"10","boll","r903vrrm","yolo_val SimCLR bolls vanilla","0.162","0.987"
"10","boll","r903vrrm","yolo_val SimCLR bolls vanilla","0.172","0.985"
"10","boll","r903vrrm","yolo_val SimCLR bolls vanilla","0.182","0.984"
"10","boll","r903vrrm","yolo_val SimCLR bolls vanilla","0.192","0.982"
"10","boll","r903vrrm","yolo_val SimCLR bolls vanilla","0.202","0.981"
"10","boll","r903vrrm","yolo_val SimCLR bolls vanilla","0.212","0.979"
"10","boll","r903vrrm","yolo_val SimCLR bolls vanilla","0.222","0.978"
"10","boll","r903vrrm","yolo_val SimCLR bolls vanilla","0.232","0.976"
"10","boll","r903vrrm","yolo_val SimCLR bolls vanilla","0.242","0.975"
"10","boll","r903vrrm","yolo_val SimCLR bolls vanilla","0.253","0.972"
"10","boll","r903vrrm","yolo_val SimCLR bolls vanilla","0.263","0.97"
"10","boll","r903vrrm","yolo_val SimCLR bolls vanilla","0.273","0.968"
"10","boll","r903vrrm","yolo_val SimCLR bolls vanilla","0.283","0.967"
"10","boll","r903vrrm","yolo_val SimCLR bolls vanilla","0.293","0.965"
"10","boll","r903vrrm","yolo_val SimCLR bolls vanilla","0.303","0.962"
"10","boll","r903vrrm","yolo_val SimCLR bolls vanilla","0.313","0.961"
"10","boll","r903vrrm","yolo_val SimCLR bolls vanilla","0.323","0.958"
"10","boll","r903vrrm","yolo_val SimCLR bolls vanilla","0.333","0.955"
"10","boll","r903vrrm","yolo_val SimCLR bolls vanilla","0.343","0.953"
"10","boll","r903vrrm","yolo_val SimCLR bolls vanilla","0.354","0.95"
"10","boll","r903vrrm","yolo_val SimCLR bolls vanilla","0.364","0.947"
"10","boll","r903vrrm","yolo_val SimCLR bolls vanilla","0.374","0.943"
"10","boll","r903vrrm","yolo_val SimCLR bolls vanilla","0.384","0.94"
"10","boll","r903vrrm","yolo_val SimCLR bolls vanilla","0.394","0.937"
"10","boll","r903vrrm","yolo_val SimCLR bolls vanilla","0.404","0.933"
"10","boll","r903vrrm","yolo_val SimCLR bolls vanilla","0.414","0.93"
"10","boll","r903vrrm","yolo_val SimCLR bolls vanilla","0.424","0.925"
"10","boll","r903vrrm","yolo_val SimCLR bolls vanilla","0.434","0.921"
"10","boll","r903vrrm","yolo_val SimCLR bolls vanilla","0.444","0.917"
"10","boll","r903vrrm","yolo_val SimCLR bolls vanilla","0.455","0.912"
"10","boll","r903vrrm","yolo_val SimCLR bolls vanilla","0.465","0.907"
"10","boll","r903vrrm","yolo_val SimCLR bolls vanilla","0.475","0.902"
"10","boll","r903vrrm","yolo_val SimCLR bolls vanilla","0.485","0.897"
"10","boll","r903vrrm","yolo_val SimCLR bolls vanilla","0.495","0.89"
"10","boll","r903vrrm","yolo_val SimCLR bolls vanilla","0.505","0.884"
"10","boll","r903vrrm","yolo_val SimCLR bolls vanilla","0.515","0.878"
"10","boll","r903vrrm","yolo_val SimCLR bolls vanilla","0.525","0.872"
"10","boll","r903vrrm","yolo_val SimCLR bolls vanilla","0.535","0.866"
"10","boll","r903vrrm","yolo_val SimCLR bolls vanilla","0.545","0.859"
"10","boll","r903vrrm","yolo_val SimCLR bolls vanilla","0.556","0.852"
"10","boll","r903vrrm","yolo_val SimCLR bolls vanilla","0.566","0.843"
"10","boll","r903vrrm","yolo_val SimCLR bolls vanilla","0.576","0.834"
"10","boll","r903vrrm","yolo_val SimCLR bolls vanilla","0.586","0.825"
"10","boll","r903vrrm","yolo_val SimCLR bolls vanilla","0.596","0.816"
"10","boll","r903vrrm","yolo_val SimCLR bolls vanilla","0.606","0.806"
"10","boll","r903vrrm","yolo_val SimCLR bolls vanilla","0.616","0.796"
"10","boll","r903vrrm","yolo_val SimCLR bolls vanilla","0.626","0.783"
"10","boll","r903vrrm","yolo_val SimCLR bolls vanilla","0.636","0.771"
"10","boll","r903vrrm","yolo_val SimCLR bolls vanilla","0.646","0.758"
"10","boll","r903vrrm","yolo_val SimCLR bolls vanilla","0.657","0.744"
"10","boll","r903vrrm","yolo_val SimCLR bolls vanilla","0.667","0.73"
"10","boll","r903vrrm","yolo_val SimCLR bolls vanilla","0.677","0.717"
"10","boll","r903vrrm","yolo_val SimCLR bolls vanilla","0.687","0.702"
"10","boll","r903vrrm","yolo_val SimCLR bolls vanilla","0.697","0.684"
"10","boll","r903vrrm","yolo_val SimCLR bolls vanilla","0.707","0.668"
"10","boll","r903vrrm","yolo_val SimCLR bolls vanilla","0.717","0.651"
"10","boll","r903vrrm","yolo_val SimCLR bolls vanilla","0.727","0.631"
"10","boll","r903vrrm","yolo_val SimCLR bolls vanilla","0.737","0.61"
"10","boll","r903vrrm","yolo_val SimCLR bolls vanilla","0.747","0.591"
"10","boll","r903vrrm","yolo_val SimCLR bolls vanilla","0.758","0.569"
"10","boll","r903vrrm","yolo_val SimCLR bolls vanilla","0.768","0.545"
"10","boll","r903vrrm","yolo_val SimCLR bolls vanilla","0.778","0.524"
"10","boll","r903vrrm","yolo_val SimCLR bolls vanilla","0.788","0.499"
"10","boll","r903vrrm","yolo_val SimCLR bolls vanilla","0.798","0.474"
"10","boll","r903vrrm","yolo_val SimCLR bolls vanilla","0.808","0.447"
"10","boll","r903vrrm","yolo_val SimCLR bolls vanilla","0.818","0.42"
"10","boll","r903vrrm","yolo_val SimCLR bolls vanilla","0.828","0.391"
"10","boll","r903vrrm","yolo_val SimCLR bolls vanilla","0.838","0.361"
"10","boll","r903vrrm","yolo_val SimCLR bolls vanilla","0.848","0.329"
"10","boll","r903vrrm","yolo_val SimCLR bolls vanilla","0.859","0.295"
"10","boll","r903vrrm","yolo_val SimCLR bolls vanilla","0.869","0.256"
"10","boll","r903vrrm","yolo_val SimCLR bolls vanilla","0.879","0.201"
"10","boll","r903vrrm","yolo_val SimCLR bolls vanilla","0.889","0.167"
"10","boll","r903vrrm","yolo_val SimCLR bolls vanilla","0.899","0.152"
"10","boll","r903vrrm","yolo_val SimCLR bolls vanilla","0.909","0.136"
"10","boll","r903vrrm","yolo_val SimCLR bolls vanilla","0.919","0.121"
"10","boll","r903vrrm","yolo_val SimCLR bolls vanilla","0.929","0.106"
"10","boll","r903vrrm","yolo_val SimCLR bolls vanilla","0.939","0.091"
"10","boll","r903vrrm","yolo_val SimCLR bolls vanilla","0.949","0.076"
"10","boll","r903vrrm","yolo_val SimCLR bolls vanilla","0.96","0.061"
"10","boll","r903vrrm","yolo_val SimCLR bolls vanilla","0.97","0.045"
"10","boll","r903vrrm","yolo_val SimCLR bolls vanilla","0.98","0.03"
"10","boll","r903vrrm","yolo_val SimCLR bolls vanilla","0.99","0.015"
"10","boll","r903vrrm","yolo_val SimCLR bolls vanilla","1","0"